Threads,Time(ms),Speedup
1,307.553,1.00427
2,173.195,1.78335
4,75.398,4.09649
8,53.256,5.79967
16,43.83,7.04693
